image_name,description,analysis_time,timestamp,success
classroom_scene_001_0.0s-7.1s_keyframe_001_0.0s.jpg," 1. **Scene Overview**: The image captures an interior view of a classroom during the daytime. The room is well-lit with natural light coming through windows on the left side. The focus is on the front of the classroom where a chalkboard is visible, and there are desks arranged in rows facing the board.

2. **Objects and Elements**:
   - A wooden desk with a black surface.
   - A green chalkboard with some writing on it.
   - A red object that could be a book or folder on one of the desks.
   - A whiteboard to the right of the chalkboard, which appears to have some text written on it.
   - A blackboard eraser on the desk.
   - A person's arm and hand visible in the bottom left corner, suggesting someone is sitting at one of the desks.
   - The classroom has a tiled floor and walls painted in a light color.

3. **Setting and Environment**: The setting is an educational environment, likely a school or college classroom. The time of day appears to be midday due to the natural light coming through the windows. The weather outside seems to be clear and sunny, as indicated by the brightness of the room.

4. **Actions and Movement**: There are no visible actions or movements in this frame. It is a still image, so there is no motion captured.

5. **Colors and Visual Style**: The dominant colors in the image are green (the chalkboard), red (the object on the desk), white (the walls and board eraser), black (the desks and board eraser), and various shades of brown from the wooden furniture. The visual style is realistic, with a focus on capturing the details of the classroom environment.

6. **Text Content**: There is text visible in the image: ""10"" written on the chalkboard and some writing on the whiteboard to the right. The quality of the text is not clear due to the resolution of the image.

7. **Technical Aspects**: The image has a low resolution, which makes it difficult to discern finer details. There are no technical issues visible in this frame.

8. **Context Clues**: The context suggests that this is a still from a video, possibly educational or documentary content given the setting and the presence of text on the chalkboard and whiteboard. ",87.38775730133057,2025-10-14T14:32:49.939274,True
classroom_scene_001_0.0s-7.1s_keyframe_002_3.0s.jpg," 1. **Scene Overview**: The image shows an interior view of a classroom with desks and chairs arranged for students. The room appears to be empty at the moment, with no people visible.

2. **Objects and Elements**:
   - Desk: A long wooden desk is in the foreground, with a blackboard on it.
   - Chair: There are several chairs around the desks, suggesting that this is a space for multiple students.
   - Blackboard: The blackboard has some writing on it, but the text is not legible due to the angle and quality of the image.
   - Wall: The wall behind the desk has a bulletin board with papers pinned to it. There's also a sign or notice posted above the blackboard.
   - Lighting: The room is well-lit, likely by artificial lighting, as there are no visible windows that would suggest natural light.

3. **Setting and Environment**:
   - Location: This appears to be an educational setting, possibly a school or college classroom.
   - Time of Day: It's not possible to determine the time of day from this image alone.
   - Weather: The weather outside is not visible in the image.
   - Lighting Conditions: The room is well-lit, with no shadows or signs of low light conditions.

4. **Actions and Movement**: There are no people present in the classroom, so there are no actions or movements to describe.

5. **Colors and Visual Style**:
   - Dominant Colors: The dominant colors in the image are the natural tones of the wood on the desks and chairs, along with the neutral colors of the walls and floor.
   - Visual Style: The image is a standard photograph with no apparent filters or artistic manipulations.
   - Quality: The quality of the image is somewhat grainy and low resolution, which suggests that it may have been taken with a lower-quality camera or in a setting with poor lighting.
   - Composition: The composition of the image places the viewer at the front of the classroom, looking towards the blackboard and desks.

6. **Text Content**: There is text visible on the blackboard, but it's not legible due to the angle and quality of the image.

7. **Technical Aspects**: The image has a low resolution and appears to be slightly blurry, which could indicate that the camera was moving when the photo was taken or that the camera itself is of low quality.

8. **Context Clues**: The presence of desks, chairs, and a blackboard suggests that this is an educational setting, possibly a classroom in a school or college. However, without additional context, it's not possible to determine if this image is from a movie, tutorial, game, or any other type of content. ",96.98025274276733,2025-10-14T14:34:27.420547,True
classroom_scene_001_0.0s-7.1s_keyframe_003_6.0s.jpg," 1. **Scene Overview**: The image shows an interior view of a classroom during the daytime. The room is empty, with no people or animals visible. The focus is on the front of the classroom where there is a chalkboard and a teacher's desk.

2. **Objects and Elements**:
   - A wooden desk with a chair in front of it.
   - A blackboard with some writing on it, although the text is not legible.
   - A teacher's desk with a computer monitor on top.
   - A whiteboard or chalkboard to the right of the desk.
   - A bulletin board above the desk.
   - A window with blinds partially open.
   - The floor appears to be made of tiles, and there is a red carpet in front of the desk.
   - The walls are painted white, and there's a door on the right side of the image.

3. **Setting and Environment**:
   - The setting is an educational environment, specifically a classroom.
   - It appears to be daytime due to the natural light coming through the window.
   - There is no visible weather or time of day information.
   - The lighting in the room is artificial, with the main source being the overhead lights.

4. **Actions and Movement**:
   - No actions or movements are taking place in this frame. It appears to be a still image without any motion blur.

5. **Colors and Visual Style**:
   - The dominant colors in the room are white, red, and black, which are typical for educational settings.
   - The visual style is realistic with natural lighting and shadows.
   - The resolution of the image is low, making some details difficult to discern.
   - The composition of the image places emphasis on the front of the classroom, with the desk and chalkboard as the main subjects.

6. **Text Content**: There is no visible text in this frame.

7. **Technical Aspects**:
   - The image quality is poor due to low resolution.
   - There are no technical issues evident from this frame.

8. **Context Clues**:
   - The presence of a chalkboard, desk, and teacher's area suggests that this could be a scene from an educational video or tutorial. However, without additional context, it is not possible to definitively determine the type of content this might be. ",88.66300630569458,2025-10-14T14:35:56.584473,True
